{
    "accuracy": 0.9759607162924779,
    "precision": 0.15311653116531165,
    "recall": 0.7847222222222222,
    "f1": 0.2562358276643991,
    "confusion_matrix": [
        [
            79559,
            1875
        ],
        [
            93,
            339
        ]
    ],
    "classification_report": {
        "0": {
            "precision": 0.998832421031487,
            "recall": 0.9769752191959132,
            "f1-score": 0.9877829234073725,
            "support": 81434.0
        },
        "1": {
            "precision": 0.15311653116531165,
            "recall": 0.7847222222222222,
            "f1-score": 0.2562358276643991,
            "support": 432.0
        },
        "accuracy": 0.9759607162924779,
        "macro avg": {
            "precision": 0.5759744760983994,
            "recall": 0.8808487207090677,
            "f1-score": 0.6220093755358858,
            "support": 81866.0
        },
        "weighted avg": {
            "precision": 0.994369649375095,
            "recall": 0.9759607162924779,
            "f1-score": 0.98392261088006,
            "support": 81866.0
        }
    },
    "roc_auc": 0.9593432258024903,
    "loss": 2.029846808569077
}