{
    "threshold": 0.92,
    "accuracy": 0.9889942100505704,
    "precision": 0.2671300893743793,
    "recall": 0.6226851851851852,
    "f1": 0.37387074357192496,
    "confusion_matrix": [
        [
            80696,
            738
        ],
        [
            163,
            269
        ]
    ],
    "classification_report": {
        "0": {
            "precision": 0.9979841452404803,
            "recall": 0.9909374462755115,
            "f1-score": 0.994448312619768,
            "support": 81434.0
        },
        "1": {
            "precision": 0.2671300893743793,
            "recall": 0.6226851851851852,
            "f1-score": 0.37387074357192496,
            "support": 432.0
        },
        "accuracy": 0.9889942100505704,
        "macro avg": {
            "precision": 0.6325571173074298,
            "recall": 0.8068113157303484,
            "f1-score": 0.6841595280958465,
            "support": 81866.0
        },
        "weighted avg": {
            "precision": 0.9941274898263381,
            "recall": 0.9889942100505704,
            "f1-score": 0.991173576956261,
            "support": 81866.0
        }
    },
    "roc_auc": 0.9556801253048366
}