{
    "accuracy": 0.9905990783410138,
    "precision": 0.31451612903225806,
    "recall": 0.8731343283582089,
    "f1": 0.4624505928853755,
    "confusion_matrix": [
        [
            85633,
            765
        ],
        [
            51,
            351
        ]
    ],
    "classification_report": {
        "0": {
            "precision": 0.999404789692358,
            "recall": 0.9911456283710272,
            "f1-score": 0.995258074638835,
            "support": 86398.0
        },
        "1": {
            "precision": 0.31451612903225806,
            "recall": 0.8731343283582089,
            "f1-score": 0.4624505928853755,
            "support": 402.0
        },
        "accuracy": 0.9905990783410138,
        "macro avg": {
            "precision": 0.6569604593623081,
            "recall": 0.932139978364618,
            "f1-score": 0.7288543337621052,
            "support": 86800.0
        },
        "weighted avg": {
            "precision": 0.9962328399045084,
            "recall": 0.9905990783410138,
            "f1-score": 0.9927904639514514,
            "support": 86800.0
        }
    },
    "roc_auc": 0.9591744741649746,
    "loss": 1.2405736939176437
}