{
    "accuracy": 0.9939746543778801,
    "precision": 0.4194407456724368,
    "recall": 0.7835820895522388,
    "f1": 0.546400693842151,
    "confusion_matrix": [
        [
            85962,
            436
        ],
        [
            87,
            315
        ]
    ],
    "classification_report": {
        "0": {
            "precision": 0.9989889481574452,
            "recall": 0.9949535868885854,
            "f1-score": 0.9969671841203385,
            "support": 86398.0
        },
        "1": {
            "precision": 0.4194407456724368,
            "recall": 0.7835820895522388,
            "f1-score": 0.546400693842151,
            "support": 402.0
        },
        "accuracy": 0.9939746543778801,
        "macro avg": {
            "precision": 0.709214846914941,
            "recall": 0.8892678382204121,
            "f1-score": 0.7716839389812447,
            "support": 86800.0
        },
        "weighted avg": {
            "precision": 0.9963048654685169,
            "recall": 0.9939746543778801,
            "f1-score": 0.9948804591308013,
            "support": 86800.0
        }
    },
    "roc_auc": 0.9709500283254668,
    "selected_threshold": 0.92
}