{
    "accuracy": 0.9953456221198157,
    "precision": 0.49747474747474746,
    "recall": 0.4900497512437811,
    "f1": 0.49373433583959897,
    "confusion_matrix": [
        [
            86199,
            199
        ],
        [
            205,
            197
        ]
    ],
    "classification_report": {
        "0": {
            "precision": 0.9976274246562659,
            "recall": 0.9976967059422672,
            "f1-score": 0.9976620640964804,
            "support": 86398.0
        },
        "1": {
            "precision": 0.49747474747474746,
            "recall": 0.4900497512437811,
            "f1-score": 0.49373433583959897,
            "support": 402.0
        },
        "accuracy": 0.9953456221198157,
        "macro avg": {
            "precision": 0.7475510860655067,
            "recall": 0.7438732285930242,
            "f1-score": 0.7456981999680397,
            "support": 86800.0
        },
        "weighted avg": {
            "precision": 0.9953110493541119,
            "recall": 0.9953456221198157,
            "f1-score": 0.9953282052628483,
            "support": 86800.0
        }
    },
    "roc_auc": 0.9835804426558151,
    "selected_threshold": 0.06
}