{
    "threshold": 0.21,
    "accuracy": 0.971001392519483,
    "precision": 0.07299912049252419,
    "recall": 0.38425925925925924,
    "f1": 0.12269031781226904,
    "confusion_matrix": [
        [
            79326,
            2108
        ],
        [
            266,
            166
        ]
    ],
    "classification_report": {
        "0": {
            "precision": 0.9966579555734245,
            "recall": 0.9741140064346587,
            "f1-score": 0.9852570392358998,
            "support": 81434.0
        },
        "1": {
            "precision": 0.07299912049252419,
            "recall": 0.38425925925925924,
            "f1-score": 0.12269031781226904,
            "support": 432.0
        },
        "accuracy": 0.971001392519483,
        "macro avg": {
            "precision": 0.5348285380329744,
            "recall": 0.679186632846959,
            "f1-score": 0.5539736785240844,
            "support": 81866.0
        },
        "weighted avg": {
            "precision": 0.991783885547346,
            "recall": 0.971001392519483,
            "f1-score": 0.9807053471579307,
            "support": 81866.0
        }
    },
    "roc_auc": 0.9240155513349142
}