{
    "accuracy": 0.9947230840642025,
    "precision": 0.0,
    "recall": 0.0,
    "f1": 0.0,
    "confusion_matrix": [
        [
            81434,
            0
        ],
        [
            432,
            0
        ]
    ],
    "classification_report": {
        "0": {
            "precision": 0.9947230840642025,
            "recall": 1.0,
            "f1-score": 0.997354562155542,
            "support": 81434.0
        },
        "1": {
            "precision": 0.0,
            "recall": 0.0,
            "f1-score": 0.0,
            "support": 432.0
        },
        "accuracy": 0.9947230840642025,
        "macro avg": {
            "precision": 0.49736154203210126,
            "recall": 0.5,
            "f1-score": 0.498677281077771,
            "support": 81866.0
        },
        "weighted avg": {
            "precision": 0.9894740139701985,
            "recall": 0.9947230840642025,
            "f1-score": 0.9920916059728629,
            "support": 81866.0
        }
    },
    "roc_auc": 0.9273425468841389
}