{
    "accuracy": 0.991831797235023,
    "precision": 0.3074027603513174,
    "recall": 0.6094527363184079,
    "f1": 0.408673894912427,
    "confusion_matrix": [
        [
            85846,
            552
        ],
        [
            157,
            245
        ]
    ],
    "classification_report": {
        "0": {
            "precision": 0.9981744822855017,
            "recall": 0.9936109632167411,
            "f1-score": 0.995887494852118,
            "support": 86398.0
        },
        "1": {
            "precision": 0.3074027603513174,
            "recall": 0.6094527363184079,
            "f1-score": 0.408673894912427,
            "support": 402.0
        },
        "accuracy": 0.991831797235023,
        "macro avg": {
            "precision": 0.6527886213184095,
            "recall": 0.8015318497675745,
            "f1-score": 0.7022806948822725,
            "support": 86800.0
        },
        "weighted avg": {
            "precision": 0.9949752860617972,
            "recall": 0.991831797235023,
            "f1-score": 0.993167911128895,
            "support": 86800.0
        }
    },
    "roc_auc": 0.98502683231911,
    "selected_threshold": 0.21
}