{
    "accuracy": 0.9953917050691244,
    "precision": 1.0,
    "recall": 0.004975124378109453,
    "f1": 0.009900990099009901,
    "confusion_matrix": [
        [
            86398,
            0
        ],
        [
            400,
            2
        ]
    ],
    "classification_report": {
        "0": {
            "precision": 0.9953915988847669,
            "recall": 1.0,
            "f1-score": 0.9976904778401349,
            "support": 86398.0
        },
        "1": {
            "precision": 1.0,
            "recall": 0.004975124378109453,
            "f1-score": 0.009900990099009901,
            "support": 402.0
        },
        "accuracy": 0.9953917050691244,
        "macro avg": {
            "precision": 0.9976957994423834,
            "recall": 0.5024875621890548,
            "f1-score": 0.5037957339695723,
            "support": 86800.0
        },
        "weighted avg": {
            "precision": 0.9954129419406231,
            "recall": 0.9953917050691244,
            "f1-score": 0.9931156924245595,
            "support": 86800.0
        }
    },
    "roc_auc": 0.9572615262307411
}