{
    "accuracy": 0.9954838709677419,
    "precision": 0.5095785440613027,
    "recall": 0.6616915422885572,
    "f1": 0.5757575757575758,
    "confusion_matrix": [
        [
            86142,
            256
        ],
        [
            136,
            266
        ]
    ],
    "classification_report": {
        "0": {
            "precision": 0.998423700132131,
            "recall": 0.9970369684483437,
            "f1-score": 0.9977298524404086,
            "support": 86398.0
        },
        "1": {
            "precision": 0.5095785440613027,
            "recall": 0.6616915422885572,
            "f1-score": 0.5757575757575758,
            "support": 402.0
        },
        "accuracy": 0.9954838709677419,
        "macro avg": {
            "precision": 0.7540011220967169,
            "recall": 0.8293642553684504,
            "f1-score": 0.7867437140989921,
            "support": 86800.0
        },
        "weighted avg": {
            "precision": 0.9961596937641533,
            "recall": 0.9954838709677419,
            "f1-score": 0.995775556873283,
            "support": 86800.0
        }
    },
    "roc_auc": 0.9940619594681515
}