{
    "threshold": 0.1,
    "accuracy": 0.9945398578164317,
    "precision": 0.48329621380846327,
    "recall": 0.5023148148148148,
    "f1": 0.492622020431328,
    "confusion_matrix": [
        [
            81202,
            232
        ],
        [
            215,
            217
        ]
    ],
    "classification_report": {
        "0": {
            "precision": 0.9973592738617242,
            "recall": 0.997151067121841,
            "f1-score": 0.997255159624442,
            "support": 81434.0
        },
        "1": {
            "precision": 0.48329621380846327,
            "recall": 0.5023148148148148,
            "f1-score": 0.492622020431328,
            "support": 432.0
        },
        "accuracy": 0.9945398578164317,
        "macro avg": {
            "precision": 0.7403277438350937,
            "recall": 0.7497329409683279,
            "f1-score": 0.744938590027885,
            "support": 81866.0
        },
        "weighted avg": {
            "precision": 0.9946466063081243,
            "recall": 0.9945398578164317,
            "f1-score": 0.9945922529705022,
            "support": 81866.0
        }
    },
    "roc_auc": 0.9578157732142093
}