{
    "accuracy": 0.9955069124423963,
    "precision": 0.5098039215686274,
    "recall": 0.7761194029850746,
    "f1": 0.6153846153846154,
    "confusion_matrix": [
        [
            86098,
            300
        ],
        [
            90,
            312
        ]
    ],
    "classification_report": {
        "0": {
            "precision": 0.9989557711050262,
            "recall": 0.9965276974004028,
            "f1-score": 0.9977402570312771,
            "support": 86398.0
        },
        "1": {
            "precision": 0.5098039215686274,
            "recall": 0.7761194029850746,
            "f1-score": 0.6153846153846154,
            "support": 402.0
        },
        "accuracy": 0.9955069124423963,
        "macro avg": {
            "precision": 0.7543798463368268,
            "recall": 0.8863235501927387,
            "f1-score": 0.8065624362079462,
            "support": 86800.0
        },
        "weighted avg": {
            "precision": 0.9966903443364359,
            "recall": 0.9955069124423963,
            "f1-score": 0.9959694394282591,
            "support": 86800.0
        }
    },
    "roc_auc": 0.9950043613963333,
    "selected_threshold": 0.1
}