{
    "accuracy": 0.9947719443969414,
    "precision": 0.5060975609756098,
    "recall": 0.38425925925925924,
    "f1": 0.4368421052631579,
    "confusion_matrix": [
        [
            81272,
            162
        ],
        [
            266,
            166
        ]
    ],
    "classification_report": {
        "0": {
            "precision": 0.996737717383306,
            "recall": 0.9980106589385269,
            "f1-score": 0.9973737819993619,
            "support": 81434.0
        },
        "1": {
            "precision": 0.5060975609756098,
            "recall": 0.38425925925925924,
            "f1-score": 0.4368421052631579,
            "support": 432.0
        },
        "accuracy": 0.9947719443969414,
        "macro avg": {
            "precision": 0.7514176391794578,
            "recall": 0.6911349590988931,
            "f1-score": 0.71710794363126,
            "support": 81866.0
        },
        "weighted avg": {
            "precision": 0.9941486505232159,
            "recall": 0.9947719443969414,
            "f1-score": 0.9944159034618734,
            "support": 81866.0
        }
    },
    "roc_auc": 0.9563716930729633
}