{
    "accuracy": 0.9951152073732719,
    "precision": 0.4835820895522388,
    "recall": 0.8059701492537313,
    "f1": 0.6044776119402985,
    "confusion_matrix": [
        [
            86052,
            346
        ],
        [
            78,
            324
        ]
    ],
    "classification_report": {
        "0": {
            "precision": 0.9990943921978405,
            "recall": 0.9959952776684645,
            "f1-score": 0.9975424278957619,
            "support": 86398.0
        },
        "1": {
            "precision": 0.4835820895522388,
            "recall": 0.8059701492537313,
            "f1-score": 0.6044776119402985,
            "support": 402.0
        },
        "accuracy": 0.9951152073732719,
        "macro avg": {
            "precision": 0.7413382408750396,
            "recall": 0.9009827134610979,
            "f1-score": 0.8010100199180301,
            "support": 86800.0
        },
        "weighted avg": {
            "precision": 0.9967068813030994,
            "recall": 0.9951152073732719,
            "f1-score": 0.9957220125038944,
            "support": 86800.0
        }
    },
    "roc_auc": 0.9956141305555833,
    "selected_threshold": 0.06
}